case,sound_ok,enum_var_bits,enum_count,abs_time_s,exact_time_s,abs_known_ratio,exact_known_ratio,abs_avg_unknown_bits,exact_avg_unknown_bits,abs_avg_range_span,exact_avg_range_span,issues_count
case01_bitops,True,0,1156,0.000385,0.048820,0.2500,0.2500,6.00,6.00,63.00,33.00,0
case02_concat_extract,True,0,30,0.000184,0.000610,0.2500,0.2500,6.00,6.00,119.00,71.00,0
case03_ext_trunc,True,0,20,0.000327,0.000885,0.3333,0.3333,4.00,4.00,15.00,7.00,0
case04_add_sub_wrap,True,0,6,0.000327,0.000238,0.1250,0.1250,3.50,3.50,11.00,9.00,0
case05_shift_range,True,0,272,0.000329,0.011082,0.0417,0.0417,7.67,7.67,212.33,183.67,0
case06_mux_join,True,0,9604,0.000309,0.261669,0.2500,0.2500,6.00,6.00,63.00,51.00,0
case07_cmp_must,True,0,256,0.000343,0.014349,1.0000,1.0000,0.00,0.00,0.00,0.00,0
case08_mix_small,True,0,572,0.000712,0.026535,0.0000,0.0000,8.00,8.00,255.00,239.00,0
